{
    "openapi": "3.0.0",
    "info": {
      "title": "Memories authentication API",
      "description": "AN API for user authentication in the memories app, including login, registration, and token validation.",
      "version": "1.0.0"
    },
    "servers": [
      {
        "url": "http://localhost:5000",
        "description": "Local development server"
      }
    ],
    "paths": {
      "/auth/login": {
        "post": {
          "summary": "User Login",
          "description": "Logs in a user and returns a JWT token.",
          "requestBody": {
            "required": true,
            "content": {
              "application/json": {
                "schema": {
                  "type": "object",
                  "properties": {
                    "email": {
                      "type": "string",
                      "format": "email",
                      "example": "user@example.com"
                    },
                    "password": {
                      "type": "string",
                      "format": "password",
                      "example": "Password123!"
                    }
                  },
                  "required": [
                    "email",
                    "password"
                  ]
                }
              }
            }
          },
          "responses": {
            "200": {
              "description": "Successful login",
              "content": {
                "application/json": {
                  "schema": {
                    "type": "object",
                    "properties": {
                      "jwt": {
                        "type": "string",
                        "example": "eyJhbGciOiJIUzI1NiIsInR5cCI6IkpXVCJ9..."
                      }
                    }
                  }
                }
              }
            },
            "400": {
              "description": "Bad Request",
              "content": {
                "application/json": {
                  "schema": {
                    "type": "object",
                    "properties": {
                      "message": {
                        "type": "string",
                        "example": "No Email Provided"
                      }
                    }
                  }
                }
              }
            },
            "404": {
              "description": "User not found",
              "content": {
                "application/json": {
                  "schema": {
                    "type": "object",
                    "properties": {
                      "message": {
                        "type": "string",
                        "example": "User not found"
                      }
                    }
                  }
                }
              }
            }
          }
        }
      },
      "/auth/register": {
        "post": {
          "summary": "Register User",
          "description": "Registers a new user with email and password.",
          "requestBody": {
            "required": true,
            "content": {
              "application/json": {
                "schema": {
                  "type": "object",
                  "properties": {
                    "email": {
                      "type": "string",
                      "format": "email",
                      "example": "user@example.com"
                    },
                    "password": {
                      "type": "string",
                      "format": "password",
                      "example": "Password123!"
                    }
                  },
                  "required": [
                    "email",
                    "password"
                  ]
                }
              }
            }
          },
          "responses": {
            "201": {
              "description": "User created successfully",
              "content": {
                "application/json": {
                  "schema": {
                    "type": "object",
                    "properties": {
                      "message": {
                        "type": "string",
                        "example": "User Created"
                      }
                    }
                  }
                }
              }
            },
            "400": {
              "description": "Bad Request, missing email or password or Email already in use",
              "content": {
                "application/json": {
                  "schema": {
                    "type": "object",
                    "properties": {
                      "message": {
                        "type": "string",
                        "example": "Email In Use"
                      }
                    }
                  }
                }
              }
            },
            "500": {
              "description": "Server error",
              "content": {
                "application/json": {
                  "schema": {
                    "type": "object",
                    "properties": {
                      "message": {
                        "type": "string",
                        "example": "Unable to create user"
                      }
                    }
                  }
                }
              }
            }
          }
        }
      },
      "/auth/validate": {
        "post": {
          "summary": "Validate Token",
          "description": "Validates a JWT token.",
          "requestBody": {
            "required": true,
            "content": {
              "application/json": {
                "schema": {
                  "type": "object",
                  "properties": {
                    "token": {
                      "type": "string",
                      "example": "eyJhbGciOiJIUzI1NiIsInR5cCI6IkpXVCJ9..."
                    }
                  },
                  "required": [
                    "token"
                  ]
                }
              }
            }
          },
          "responses": {
            "200": {
              "description": "Token is valid",
              "content": {
                "application/json": {
                  "schema": {
                    "type": "object",
                    "properties": {
                      "message": {
                        "type": "string",
                        "example": "Token Verified"
                      }
                    }
                  }
                }
              }
            },
            "400": {
              "description": "No token provided",
              "content": {
                "application/json": {
                  "schema": {
                    "type": "object",
                    "properties": {
                      "message": {
                        "type": "string",
                        "example": "No token provided"
                      }
                    }
                  }
                }
              }
            },
            "401": {
              "description": "Invalid token",
              "content": {
                "application/json": {
                  "schema": {
                    "type": "object",
                    "properties": {
                      "message": {
                        "type": "string",
                        "example": "Token is invalid"
                      }
                    }
                  }
                }
              }
            }
          }
        }
      }
    }
  }